path,reason
C:\Users\Onur\Documents\Project\SurveyEval\ffhq_1024\images1024x1024\00000\00049.png,too_many_faces: 2
C:\Users\Onur\Documents\Project\SurveyEval\ffhq_1024\images1024x1024\00000\00063.png,no_face_detected
C:\Users\Onur\Documents\Project\SurveyEval\ffhq_1024\images1024x1024\00000\00172.png,too_many_faces: 2
C:\Users\Onur\Documents\Project\SurveyEval\ffhq_1024\images1024x1024\00000\00417.png,too_many_faces: 2
C:\Users\Onur\Documents\Project\SurveyEval\ffhq_1024\images1024x1024\00000\00883.png,too_many_faces: 2
C:\Users\Onur\Documents\Project\SurveyEval\ffhq_1024\images1024x1024\00000\00901.png,too_many_faces: 2
C:\Users\Onur\Documents\Project\SurveyEval\ffhq_1024\images1024x1024\01000\01079.png,no_face_detected
C:\Users\Onur\Documents\Project\SurveyEval\ffhq_1024\images1024x1024\01000\01111.png,too_many_faces: 2
C:\Users\Onur\Documents\Project\SurveyEval\ffhq_1024\images1024x1024\01000\01263.png,too_many_faces: 2
C:\Users\Onur\Documents\Project\SurveyEval\ffhq_1024\images1024x1024\01000\01281.png,too_many_faces: 2
C:\Users\Onur\Documents\Project\SurveyEval\ffhq_1024\images1024x1024\01000\01467.png,too_many_faces: 2
C:\Users\Onur\Documents\Project\SurveyEval\ffhq_1024\images1024x1024\01000\01615.png,too_many_faces: 2
C:\Users\Onur\Documents\Project\SurveyEval\ffhq_1024\images1024x1024\01000\01750.png,too_many_faces: 2
C:\Users\Onur\Documents\Project\SurveyEval\ffhq_1024\images1024x1024\01000\01778.png,too_many_faces: 2
C:\Users\Onur\Documents\Project\SurveyEval\ffhq_1024\images1024x1024\02000\02099.png,too_many_faces: 2
C:\Users\Onur\Documents\Project\SurveyEval\ffhq_1024\images1024x1024\02000\02250.png,too_many_faces: 2
C:\Users\Onur\Documents\Project\SurveyEval\ffhq_1024\images1024x1024\02000\02279.png,too_many_faces: 2
C:\Users\Onur\Documents\Project\SurveyEval\ffhq_1024\images1024x1024\02000\02299.png,too_many_faces: 2
C:\Users\Onur\Documents\Project\SurveyEval\ffhq_1024\images1024x1024\02000\02360.png,too_many_faces: 2
C:\Users\Onur\Documents\Project\SurveyEval\ffhq_1024\images1024x1024\02000\02450.png,too_many_faces: 2
C:\Users\Onur\Documents\Project\SurveyEval\ffhq_1024\images1024x1024\02000\02652.png,too_many_faces: 2
C:\Users\Onur\Documents\Project\SurveyEval\ffhq_1024\images1024x1024\02000\02696.png,too_many_faces: 2
C:\Users\Onur\Documents\Project\SurveyEval\ffhq_1024\images1024x1024\02000\02795.png,too_many_faces: 2
C:\Users\Onur\Documents\Project\SurveyEval\ffhq_1024\images1024x1024\02000\02858.png,too_many_faces: 2
C:\Users\Onur\Documents\Project\SurveyEval\ffhq_1024\images1024x1024\03000\03041.png,too_many_faces: 2
C:\Users\Onur\Documents\Project\SurveyEval\ffhq_1024\images1024x1024\03000\03105.png,too_many_faces: 2
C:\Users\Onur\Documents\Project\SurveyEval\ffhq_1024\images1024x1024\03000\03325.png,too_many_faces: 2
C:\Users\Onur\Documents\Project\SurveyEval\ffhq_1024\images1024x1024\03000\03440.png,too_many_faces: 2
C:\Users\Onur\Documents\Project\SurveyEval\ffhq_1024\images1024x1024\03000\03561.png,too_many_faces: 2
C:\Users\Onur\Documents\Project\SurveyEval\ffhq_1024\images1024x1024\03000\03780.png,too_many_faces: 2
C:\Users\Onur\Documents\Project\SurveyEval\ffhq_1024\images1024x1024\03000\03826.png,too_many_faces: 2
C:\Users\Onur\Documents\Project\SurveyEval\ffhq_1024\images1024x1024\04000\04161.png,too_many_faces: 2
C:\Users\Onur\Documents\Project\SurveyEval\ffhq_1024\images1024x1024\04000\04189.png,too_many_faces: 2
C:\Users\Onur\Documents\Project\SurveyEval\ffhq_1024\images1024x1024\04000\04429.png,too_many_faces: 2
C:\Users\Onur\Documents\Project\SurveyEval\ffhq_1024\images1024x1024\04000\04531.png,no_face_detected
C:\Users\Onur\Documents\Project\SurveyEval\ffhq_1024\images1024x1024\04000\04630.png,too_many_faces: 2
C:\Users\Onur\Documents\Project\SurveyEval\ffhq_1024\images1024x1024\04000\04843.png,too_many_faces: 2
C:\Users\Onur\Documents\Project\SurveyEval\ffhq_1024\images1024x1024\04000\04857.png,too_many_faces: 2
C:\Users\Onur\Documents\Project\SurveyEval\ffhq_1024\images1024x1024\04000\04993.png,too_many_faces: 2
C:\Users\Onur\Documents\Project\SurveyEval\ffhq_1024\images1024x1024\05000\05254.png,too_many_faces: 2
C:\Users\Onur\Documents\Project\SurveyEval\ffhq_1024\images1024x1024\05000\05284.png,too_many_faces: 2
C:\Users\Onur\Documents\Project\SurveyEval\ffhq_1024\images1024x1024\05000\05347.png,too_many_faces: 2
C:\Users\Onur\Documents\Project\SurveyEval\ffhq_1024\images1024x1024\05000\05483.png,too_many_faces: 2
C:\Users\Onur\Documents\Project\SurveyEval\ffhq_1024\images1024x1024\05000\05573.png,too_many_faces: 2
C:\Users\Onur\Documents\Project\SurveyEval\ffhq_1024\images1024x1024\05000\05928.png,too_many_faces: 2
C:\Users\Onur\Documents\Project\SurveyEval\ffhq_1024\images1024x1024\06000\06045.png,too_many_faces: 2
C:\Users\Onur\Documents\Project\SurveyEval\ffhq_1024\images1024x1024\06000\06308.png,too_many_faces: 2
C:\Users\Onur\Documents\Project\SurveyEval\ffhq_1024\images1024x1024\06000\06394.png,too_many_faces: 2
C:\Users\Onur\Documents\Project\SurveyEval\ffhq_1024\images1024x1024\06000\06474.png,too_many_faces: 2
C:\Users\Onur\Documents\Project\SurveyEval\ffhq_1024\images1024x1024\06000\06620.png,too_many_faces: 2
C:\Users\Onur\Documents\Project\SurveyEval\ffhq_1024\images1024x1024\06000\06957.png,too_many_faces: 2
C:\Users\Onur\Documents\Project\SurveyEval\ffhq_1024\images1024x1024\06000\06994.png,too_many_faces: 2
C:\Users\Onur\Documents\Project\SurveyEval\ffhq_1024\images1024x1024\07000\07091.png,too_many_faces: 2
C:\Users\Onur\Documents\Project\SurveyEval\ffhq_1024\images1024x1024\07000\07243.png,too_many_faces: 2
C:\Users\Onur\Documents\Project\SurveyEval\ffhq_1024\images1024x1024\07000\07580.png,too_many_faces: 2
C:\Users\Onur\Documents\Project\SurveyEval\ffhq_1024\images1024x1024\07000\07729.png,too_many_faces: 2
C:\Users\Onur\Documents\Project\SurveyEval\ffhq_1024\images1024x1024\07000\07744.png,no_face_detected
C:\Users\Onur\Documents\Project\SurveyEval\ffhq_1024\images1024x1024\07000\07796.png,no_face_detected
C:\Users\Onur\Documents\Project\SurveyEval\ffhq_1024\images1024x1024\07000\07815.png,no_face_detected
C:\Users\Onur\Documents\Project\SurveyEval\ffhq_1024\images1024x1024\08000\08208.png,too_many_faces: 2
C:\Users\Onur\Documents\Project\SurveyEval\ffhq_1024\images1024x1024\08000\08286.png,too_many_faces: 2
C:\Users\Onur\Documents\Project\SurveyEval\ffhq_1024\images1024x1024\08000\08302.png,too_many_faces: 2
C:\Users\Onur\Documents\Project\SurveyEval\ffhq_1024\images1024x1024\08000\08309.png,too_many_faces: 2
C:\Users\Onur\Documents\Project\SurveyEval\ffhq_1024\images1024x1024\08000\08398.png,too_many_faces: 2
C:\Users\Onur\Documents\Project\SurveyEval\ffhq_1024\images1024x1024\08000\08814.png,too_many_faces: 2
C:\Users\Onur\Documents\Project\SurveyEval\ffhq_1024\images1024x1024\09000\09000.png,too_many_faces: 2
C:\Users\Onur\Documents\Project\SurveyEval\ffhq_1024\images1024x1024\09000\09346.png,too_many_faces: 2
C:\Users\Onur\Documents\Project\SurveyEval\ffhq_1024\images1024x1024\09000\09443.png,too_many_faces: 2
C:\Users\Onur\Documents\Project\SurveyEval\ffhq_1024\images1024x1024\09000\09827.png,too_many_faces: 2
C:\Users\Onur\Documents\Project\SurveyEval\ffhq_1024\images1024x1024\10000\10058.png,too_many_faces: 2
C:\Users\Onur\Documents\Project\SurveyEval\ffhq_1024\images1024x1024\10000\10068.png,too_many_faces: 2
C:\Users\Onur\Documents\Project\SurveyEval\ffhq_1024\images1024x1024\10000\10076.png,too_many_faces: 2
C:\Users\Onur\Documents\Project\SurveyEval\ffhq_1024\images1024x1024\10000\10148.png,no_face_detected
C:\Users\Onur\Documents\Project\SurveyEval\ffhq_1024\images1024x1024\10000\10199.png,too_many_faces: 2
C:\Users\Onur\Documents\Project\SurveyEval\ffhq_1024\images1024x1024\10000\10279.png,no_face_detected
C:\Users\Onur\Documents\Project\SurveyEval\ffhq_1024\images1024x1024\10000\10431.png,no_face_detected
C:\Users\Onur\Documents\Project\SurveyEval\ffhq_1024\images1024x1024\10000\10592.png,too_many_faces: 2
C:\Users\Onur\Documents\Project\SurveyEval\ffhq_1024\images1024x1024\10000\10833.png,too_many_faces: 2
C:\Users\Onur\Documents\Project\SurveyEval\ffhq_1024\images1024x1024\10000\10878.png,too_many_faces: 2
C:\Users\Onur\Documents\Project\SurveyEval\ffhq_1024\images1024x1024\10000\10998.png,too_many_faces: 2
C:\Users\Onur\Documents\Project\SurveyEval\ffhq_1024\images1024x1024\11000\11045.png,too_many_faces: 2
C:\Users\Onur\Documents\Project\SurveyEval\ffhq_1024\images1024x1024\11000\11051.png,too_many_faces: 2
C:\Users\Onur\Documents\Project\SurveyEval\ffhq_1024\images1024x1024\11000\11246.png,too_many_faces: 2
C:\Users\Onur\Documents\Project\SurveyEval\ffhq_1024\images1024x1024\11000\11613.png,too_many_faces: 2
C:\Users\Onur\Documents\Project\SurveyEval\ffhq_1024\images1024x1024\11000\11695.png,too_many_faces: 2
C:\Users\Onur\Documents\Project\SurveyEval\ffhq_1024\images1024x1024\11000\11811.png,too_many_faces: 2
C:\Users\Onur\Documents\Project\SurveyEval\ffhq_1024\images1024x1024\11000\11976.png,too_many_faces: 2
C:\Users\Onur\Documents\Project\SurveyEval\ffhq_1024\images1024x1024\12000\12098.png,no_face_detected
C:\Users\Onur\Documents\Project\SurveyEval\ffhq_1024\images1024x1024\12000\12156.png,too_many_faces: 2
C:\Users\Onur\Documents\Project\SurveyEval\ffhq_1024\images1024x1024\12000\12176.png,too_many_faces: 2
C:\Users\Onur\Documents\Project\SurveyEval\ffhq_1024\images1024x1024\12000\12487.png,too_many_faces: 2
C:\Users\Onur\Documents\Project\SurveyEval\ffhq_1024\images1024x1024\12000\12556.png,too_many_faces: 2
C:\Users\Onur\Documents\Project\SurveyEval\ffhq_1024\images1024x1024\12000\12807.png,too_many_faces: 2
C:\Users\Onur\Documents\Project\SurveyEval\ffhq_1024\images1024x1024\13000\13418.png,too_many_faces: 2
C:\Users\Onur\Documents\Project\SurveyEval\ffhq_1024\images1024x1024\13000\13535.png,too_many_faces: 2
C:\Users\Onur\Documents\Project\SurveyEval\ffhq_1024\images1024x1024\13000\13580.png,too_many_faces: 2
C:\Users\Onur\Documents\Project\SurveyEval\ffhq_1024\images1024x1024\13000\13655.png,too_many_faces: 2
C:\Users\Onur\Documents\Project\SurveyEval\ffhq_1024\images1024x1024\14000\14008.png,too_many_faces: 2
C:\Users\Onur\Documents\Project\SurveyEval\ffhq_1024\images1024x1024\14000\14601.png,too_many_faces: 2
C:\Users\Onur\Documents\Project\SurveyEval\ffhq_1024\images1024x1024\14000\14610.png,too_many_faces: 2
C:\Users\Onur\Documents\Project\SurveyEval\ffhq_1024\images1024x1024\14000\14758.png,too_many_faces: 2
C:\Users\Onur\Documents\Project\SurveyEval\ffhq_1024\images1024x1024\14000\14766.png,too_many_faces: 2
C:\Users\Onur\Documents\Project\SurveyEval\ffhq_1024\images1024x1024\15000\15079.png,too_many_faces: 2
C:\Users\Onur\Documents\Project\SurveyEval\ffhq_1024\images1024x1024\15000\15445.png,no_face_detected
C:\Users\Onur\Documents\Project\SurveyEval\ffhq_1024\images1024x1024\15000\15778.png,no_face_detected
C:\Users\Onur\Documents\Project\SurveyEval\ffhq_1024\images1024x1024\15000\15851.png,too_many_faces: 2
C:\Users\Onur\Documents\Project\SurveyEval\ffhq_1024\images1024x1024\16000\16212.png,too_many_faces: 2
C:\Users\Onur\Documents\Project\SurveyEval\ffhq_1024\images1024x1024\16000\16337.png,too_many_faces: 2
C:\Users\Onur\Documents\Project\SurveyEval\ffhq_1024\images1024x1024\16000\16546.png,too_many_faces: 2
C:\Users\Onur\Documents\Project\SurveyEval\ffhq_1024\images1024x1024\16000\16583.png,too_many_faces: 2
C:\Users\Onur\Documents\Project\SurveyEval\ffhq_1024\images1024x1024\16000\16811.png,too_many_faces: 2
C:\Users\Onur\Documents\Project\SurveyEval\ffhq_1024\images1024x1024\16000\16847.png,too_many_faces: 2
C:\Users\Onur\Documents\Project\SurveyEval\ffhq_1024\images1024x1024\16000\16980.png,too_many_faces: 2
C:\Users\Onur\Documents\Project\SurveyEval\ffhq_1024\images1024x1024\17000\17000.png,too_many_faces: 2
C:\Users\Onur\Documents\Project\SurveyEval\ffhq_1024\images1024x1024\17000\17039.png,too_many_faces: 2
C:\Users\Onur\Documents\Project\SurveyEval\ffhq_1024\images1024x1024\17000\17045.png,no_face_detected
C:\Users\Onur\Documents\Project\SurveyEval\ffhq_1024\images1024x1024\17000\17155.png,too_many_faces: 2
C:\Users\Onur\Documents\Project\SurveyEval\ffhq_1024\images1024x1024\17000\17183.png,too_many_faces: 2
C:\Users\Onur\Documents\Project\SurveyEval\ffhq_1024\images1024x1024\17000\17229.png,too_many_faces: 2
C:\Users\Onur\Documents\Project\SurveyEval\ffhq_1024\images1024x1024\17000\17403.png,too_many_faces: 2
C:\Users\Onur\Documents\Project\SurveyEval\ffhq_1024\images1024x1024\17000\17460.png,too_many_faces: 2
C:\Users\Onur\Documents\Project\SurveyEval\ffhq_1024\images1024x1024\17000\17487.png,too_many_faces: 2
C:\Users\Onur\Documents\Project\SurveyEval\ffhq_1024\images1024x1024\17000\17723.png,too_many_faces: 2
C:\Users\Onur\Documents\Project\SurveyEval\ffhq_1024\images1024x1024\17000\17804.png,no_face_detected
C:\Users\Onur\Documents\Project\SurveyEval\ffhq_1024\images1024x1024\17000\17860.png,too_many_faces: 2
C:\Users\Onur\Documents\Project\SurveyEval\ffhq_1024\images1024x1024\17000\17938.png,too_many_faces: 2
C:\Users\Onur\Documents\Project\SurveyEval\ffhq_1024\images1024x1024\18000\18083.png,too_many_faces: 2
C:\Users\Onur\Documents\Project\SurveyEval\ffhq_1024\images1024x1024\18000\18689.png,too_many_faces: 2
C:\Users\Onur\Documents\Project\SurveyEval\ffhq_1024\images1024x1024\18000\18723.png,too_many_faces: 2
C:\Users\Onur\Documents\Project\SurveyEval\ffhq_1024\images1024x1024\18000\18739.png,too_many_faces: 2
C:\Users\Onur\Documents\Project\SurveyEval\ffhq_1024\images1024x1024\18000\18880.png,too_many_faces: 2
C:\Users\Onur\Documents\Project\SurveyEval\ffhq_1024\images1024x1024\19000\19004.png,too_many_faces: 2
C:\Users\Onur\Documents\Project\SurveyEval\ffhq_1024\images1024x1024\19000\19022.png,too_many_faces: 2
C:\Users\Onur\Documents\Project\SurveyEval\ffhq_1024\images1024x1024\19000\19063.png,too_many_faces: 2
C:\Users\Onur\Documents\Project\SurveyEval\ffhq_1024\images1024x1024\19000\19508.png,too_many_faces: 2
C:\Users\Onur\Documents\Project\SurveyEval\ffhq_1024\images1024x1024\20000\20043.png,too_many_faces: 2
C:\Users\Onur\Documents\Project\SurveyEval\ffhq_1024\images1024x1024\20000\20100.png,too_many_faces: 2
C:\Users\Onur\Documents\Project\SurveyEval\ffhq_1024\images1024x1024\20000\20172.png,too_many_faces: 2
C:\Users\Onur\Documents\Project\SurveyEval\ffhq_1024\images1024x1024\20000\20243.png,too_many_faces: 2
C:\Users\Onur\Documents\Project\SurveyEval\ffhq_1024\images1024x1024\20000\20316.png,no_face_detected
C:\Users\Onur\Documents\Project\SurveyEval\ffhq_1024\images1024x1024\20000\20551.png,too_many_faces: 2
C:\Users\Onur\Documents\Project\SurveyEval\ffhq_1024\images1024x1024\20000\20853.png,too_many_faces: 2
C:\Users\Onur\Documents\Project\SurveyEval\ffhq_1024\images1024x1024\20000\20894.png,too_many_faces: 2
C:\Users\Onur\Documents\Project\SurveyEval\ffhq_1024\images1024x1024\20000\20907.png,no_face_detected
C:\Users\Onur\Documents\Project\SurveyEval\ffhq_1024\images1024x1024\20000\20925.png,no_face_detected
C:\Users\Onur\Documents\Project\SurveyEval\ffhq_1024\images1024x1024\21000\21073.png,no_face_detected
C:\Users\Onur\Documents\Project\SurveyEval\ffhq_1024\images1024x1024\21000\21089.png,no_face_detected
C:\Users\Onur\Documents\Project\SurveyEval\ffhq_1024\images1024x1024\21000\21363.png,too_many_faces: 2
C:\Users\Onur\Documents\Project\SurveyEval\ffhq_1024\images1024x1024\21000\21732.png,no_face_detected
C:\Users\Onur\Documents\Project\SurveyEval\ffhq_1024\images1024x1024\21000\21783.png,too_many_faces: 2
C:\Users\Onur\Documents\Project\SurveyEval\ffhq_1024\images1024x1024\21000\21848.png,too_many_faces: 2
C:\Users\Onur\Documents\Project\SurveyEval\ffhq_1024\images1024x1024\21000\21868.png,too_many_faces: 2
C:\Users\Onur\Documents\Project\SurveyEval\ffhq_1024\images1024x1024\21000\21913.png,too_many_faces: 2
C:\Users\Onur\Documents\Project\SurveyEval\ffhq_1024\images1024x1024\22000\22135.png,too_many_faces: 2
C:\Users\Onur\Documents\Project\SurveyEval\ffhq_1024\images1024x1024\22000\22223.png,too_many_faces: 2
C:\Users\Onur\Documents\Project\SurveyEval\ffhq_1024\images1024x1024\22000\22350.png,too_many_faces: 2
C:\Users\Onur\Documents\Project\SurveyEval\ffhq_1024\images1024x1024\22000\22490.png,too_many_faces: 2
C:\Users\Onur\Documents\Project\SurveyEval\ffhq_1024\images1024x1024\22000\22643.png,too_many_faces: 2
C:\Users\Onur\Documents\Project\SurveyEval\ffhq_1024\images1024x1024\22000\22798.png,too_many_faces: 2
C:\Users\Onur\Documents\Project\SurveyEval\ffhq_1024\images1024x1024\22000\22809.png,too_many_faces: 2
C:\Users\Onur\Documents\Project\SurveyEval\ffhq_1024\images1024x1024\22000\22900.png,too_many_faces: 2
C:\Users\Onur\Documents\Project\SurveyEval\ffhq_1024\images1024x1024\23000\23145.png,too_many_faces: 2
C:\Users\Onur\Documents\Project\SurveyEval\ffhq_1024\images1024x1024\23000\23333.png,no_face_detected
C:\Users\Onur\Documents\Project\SurveyEval\ffhq_1024\images1024x1024\23000\23626.png,too_many_faces: 2
C:\Users\Onur\Documents\Project\SurveyEval\ffhq_1024\images1024x1024\23000\23650.png,too_many_faces: 2
C:\Users\Onur\Documents\Project\SurveyEval\ffhq_1024\images1024x1024\23000\23663.png,too_many_faces: 2
C:\Users\Onur\Documents\Project\SurveyEval\ffhq_1024\images1024x1024\23000\23675.png,too_many_faces: 2
C:\Users\Onur\Documents\Project\SurveyEval\ffhq_1024\images1024x1024\23000\23931.png,too_many_faces: 2
C:\Users\Onur\Documents\Project\SurveyEval\ffhq_1024\images1024x1024\23000\23936.png,too_many_faces: 2
C:\Users\Onur\Documents\Project\SurveyEval\ffhq_1024\images1024x1024\24000\24115.png,too_many_faces: 2
C:\Users\Onur\Documents\Project\SurveyEval\ffhq_1024\images1024x1024\24000\24122.png,too_many_faces: 2
C:\Users\Onur\Documents\Project\SurveyEval\ffhq_1024\images1024x1024\24000\24298.png,too_many_faces: 2
C:\Users\Onur\Documents\Project\SurveyEval\ffhq_1024\images1024x1024\24000\24351.png,too_many_faces: 2
C:\Users\Onur\Documents\Project\SurveyEval\ffhq_1024\images1024x1024\24000\24355.png,too_many_faces: 2
C:\Users\Onur\Documents\Project\SurveyEval\ffhq_1024\images1024x1024\24000\24607.png,too_many_faces: 2
C:\Users\Onur\Documents\Project\SurveyEval\ffhq_1024\images1024x1024\24000\24638.png,no_face_detected
C:\Users\Onur\Documents\Project\SurveyEval\ffhq_1024\images1024x1024\24000\24762.png,too_many_faces: 2
C:\Users\Onur\Documents\Project\SurveyEval\ffhq_1024\images1024x1024\24000\24884.png,too_many_faces: 2
C:\Users\Onur\Documents\Project\SurveyEval\ffhq_1024\images1024x1024\24000\24921.png,too_many_faces: 2
C:\Users\Onur\Documents\Project\SurveyEval\ffhq_1024\images1024x1024\24000\24959.png,too_many_faces: 2
C:\Users\Onur\Documents\Project\SurveyEval\ffhq_1024\images1024x1024\24000\24987.png,too_many_faces: 2
C:\Users\Onur\Documents\Project\SurveyEval\ffhq_1024\images1024x1024\25000\25140.png,too_many_faces: 2
C:\Users\Onur\Documents\Project\SurveyEval\ffhq_1024\images1024x1024\25000\25224.png,too_many_faces: 2
C:\Users\Onur\Documents\Project\SurveyEval\ffhq_1024\images1024x1024\25000\25304.png,too_many_faces: 2
C:\Users\Onur\Documents\Project\SurveyEval\ffhq_1024\images1024x1024\25000\25498.png,too_many_faces: 2
C:\Users\Onur\Documents\Project\SurveyEval\ffhq_1024\images1024x1024\25000\25559.png,too_many_faces: 2
C:\Users\Onur\Documents\Project\SurveyEval\ffhq_1024\images1024x1024\25000\25609.png,no_face_detected
C:\Users\Onur\Documents\Project\SurveyEval\ffhq_1024\images1024x1024\25000\25632.png,no_face_detected
C:\Users\Onur\Documents\Project\SurveyEval\ffhq_1024\images1024x1024\25000\25773.png,too_many_faces: 2
C:\Users\Onur\Documents\Project\SurveyEval\ffhq_1024\images1024x1024\26000\26291.png,too_many_faces: 2
C:\Users\Onur\Documents\Project\SurveyEval\ffhq_1024\images1024x1024\26000\26480.png,too_many_faces: 2
C:\Users\Onur\Documents\Project\SurveyEval\ffhq_1024\images1024x1024\26000\26549.png,too_many_faces: 2
C:\Users\Onur\Documents\Project\SurveyEval\ffhq_1024\images1024x1024\26000\26655.png,too_many_faces: 2
C:\Users\Onur\Documents\Project\SurveyEval\ffhq_1024\images1024x1024\26000\26770.png,too_many_faces: 2
C:\Users\Onur\Documents\Project\SurveyEval\ffhq_1024\images1024x1024\26000\26999.png,too_many_faces: 2
C:\Users\Onur\Documents\Project\SurveyEval\ffhq_1024\images1024x1024\27000\27006.png,too_many_faces: 2
C:\Users\Onur\Documents\Project\SurveyEval\ffhq_1024\images1024x1024\27000\27035.png,too_many_faces: 2
C:\Users\Onur\Documents\Project\SurveyEval\ffhq_1024\images1024x1024\27000\27177.png,too_many_faces: 2
C:\Users\Onur\Documents\Project\SurveyEval\ffhq_1024\images1024x1024\27000\27354.png,too_many_faces: 2
C:\Users\Onur\Documents\Project\SurveyEval\ffhq_1024\images1024x1024\27000\27472.png,too_many_faces: 2
C:\Users\Onur\Documents\Project\SurveyEval\ffhq_1024\images1024x1024\27000\27507.png,too_many_faces: 2
C:\Users\Onur\Documents\Project\SurveyEval\ffhq_1024\images1024x1024\27000\27524.png,too_many_faces: 2
C:\Users\Onur\Documents\Project\SurveyEval\ffhq_1024\images1024x1024\27000\27594.png,too_many_faces: 2
C:\Users\Onur\Documents\Project\SurveyEval\ffhq_1024\images1024x1024\27000\27757.png,too_many_faces: 2
C:\Users\Onur\Documents\Project\SurveyEval\ffhq_1024\images1024x1024\27000\27825.png,too_many_faces: 2
C:\Users\Onur\Documents\Project\SurveyEval\ffhq_1024\images1024x1024\27000\27971.png,too_many_faces: 2
C:\Users\Onur\Documents\Project\SurveyEval\ffhq_1024\images1024x1024\28000\28099.png,no_face_detected
C:\Users\Onur\Documents\Project\SurveyEval\ffhq_1024\images1024x1024\28000\28104.png,too_many_faces: 2
C:\Users\Onur\Documents\Project\SurveyEval\ffhq_1024\images1024x1024\28000\28221.png,too_many_faces: 2
C:\Users\Onur\Documents\Project\SurveyEval\ffhq_1024\images1024x1024\28000\28290.png,too_many_faces: 2
C:\Users\Onur\Documents\Project\SurveyEval\ffhq_1024\images1024x1024\28000\28520.png,too_many_faces: 2
C:\Users\Onur\Documents\Project\SurveyEval\ffhq_1024\images1024x1024\28000\28601.png,too_many_faces: 2
C:\Users\Onur\Documents\Project\SurveyEval\ffhq_1024\images1024x1024\28000\28825.png,too_many_faces: 2
C:\Users\Onur\Documents\Project\SurveyEval\ffhq_1024\images1024x1024\28000\28976.png,too_many_faces: 2
C:\Users\Onur\Documents\Project\SurveyEval\ffhq_1024\images1024x1024\28000\28991.png,too_many_faces: 2
C:\Users\Onur\Documents\Project\SurveyEval\ffhq_1024\images1024x1024\29000\29083.png,too_many_faces: 2
C:\Users\Onur\Documents\Project\SurveyEval\ffhq_1024\images1024x1024\29000\29516.png,no_face_detected
C:\Users\Onur\Documents\Project\SurveyEval\ffhq_1024\images1024x1024\29000\29803.png,too_many_faces: 2
C:\Users\Onur\Documents\Project\SurveyEval\ffhq_1024\images1024x1024\30000\30008.png,too_many_faces: 2
C:\Users\Onur\Documents\Project\SurveyEval\ffhq_1024\images1024x1024\30000\30150.png,too_many_faces: 2
C:\Users\Onur\Documents\Project\SurveyEval\ffhq_1024\images1024x1024\30000\30571.png,too_many_faces: 2
C:\Users\Onur\Documents\Project\SurveyEval\ffhq_1024\images1024x1024\30000\30593.png,too_many_faces: 2
C:\Users\Onur\Documents\Project\SurveyEval\ffhq_1024\images1024x1024\30000\30652.png,no_face_detected
C:\Users\Onur\Documents\Project\SurveyEval\ffhq_1024\images1024x1024\31000\31224.png,too_many_faces: 2
C:\Users\Onur\Documents\Project\SurveyEval\ffhq_1024\images1024x1024\31000\31623.png,too_many_faces: 2
C:\Users\Onur\Documents\Project\SurveyEval\ffhq_1024\images1024x1024\32000\32106.png,too_many_faces: 2
C:\Users\Onur\Documents\Project\SurveyEval\ffhq_1024\images1024x1024\32000\32266.png,too_many_faces: 2
C:\Users\Onur\Documents\Project\SurveyEval\ffhq_1024\images1024x1024\32000\32453.png,too_many_faces: 2
C:\Users\Onur\Documents\Project\SurveyEval\ffhq_1024\images1024x1024\32000\32458.png,too_many_faces: 2
C:\Users\Onur\Documents\Project\SurveyEval\ffhq_1024\images1024x1024\32000\32948.png,too_many_faces: 2
C:\Users\Onur\Documents\Project\SurveyEval\ffhq_1024\images1024x1024\32000\32957.png,too_many_faces: 2
C:\Users\Onur\Documents\Project\SurveyEval\ffhq_1024\images1024x1024\33000\33044.png,too_many_faces: 2
C:\Users\Onur\Documents\Project\SurveyEval\ffhq_1024\images1024x1024\33000\33553.png,too_many_faces: 2
C:\Users\Onur\Documents\Project\SurveyEval\ffhq_1024\images1024x1024\33000\33621.png,too_many_faces: 2
C:\Users\Onur\Documents\Project\SurveyEval\ffhq_1024\images1024x1024\33000\33877.png,no_face_detected
C:\Users\Onur\Documents\Project\SurveyEval\ffhq_1024\images1024x1024\34000\34093.png,too_many_faces: 2
C:\Users\Onur\Documents\Project\SurveyEval\ffhq_1024\images1024x1024\34000\34150.png,too_many_faces: 2
C:\Users\Onur\Documents\Project\SurveyEval\ffhq_1024\images1024x1024\34000\34164.png,too_many_faces: 2
C:\Users\Onur\Documents\Project\SurveyEval\ffhq_1024\images1024x1024\34000\34395.png,too_many_faces: 2
C:\Users\Onur\Documents\Project\SurveyEval\ffhq_1024\images1024x1024\34000\34434.png,too_many_faces: 2
C:\Users\Onur\Documents\Project\SurveyEval\ffhq_1024\images1024x1024\34000\34501.png,too_many_faces: 2
C:\Users\Onur\Documents\Project\SurveyEval\ffhq_1024\images1024x1024\34000\34709.png,too_many_faces: 2
C:\Users\Onur\Documents\Project\SurveyEval\ffhq_1024\images1024x1024\34000\34727.png,no_face_detected
C:\Users\Onur\Documents\Project\SurveyEval\ffhq_1024\images1024x1024\34000\34750.png,too_many_faces: 2
C:\Users\Onur\Documents\Project\SurveyEval\ffhq_1024\images1024x1024\34000\34791.png,too_many_faces: 2
C:\Users\Onur\Documents\Project\SurveyEval\ffhq_1024\images1024x1024\34000\34981.png,too_many_faces: 2
C:\Users\Onur\Documents\Project\SurveyEval\ffhq_1024\images1024x1024\35000\35158.png,too_many_faces: 2
C:\Users\Onur\Documents\Project\SurveyEval\ffhq_1024\images1024x1024\35000\35297.png,no_face_detected
C:\Users\Onur\Documents\Project\SurveyEval\ffhq_1024\images1024x1024\35000\35478.png,no_face_detected
C:\Users\Onur\Documents\Project\SurveyEval\ffhq_1024\images1024x1024\35000\35624.png,too_many_faces: 2
C:\Users\Onur\Documents\Project\SurveyEval\ffhq_1024\images1024x1024\35000\35775.png,too_many_faces: 2
C:\Users\Onur\Documents\Project\SurveyEval\ffhq_1024\images1024x1024\35000\35890.png,too_many_faces: 2
C:\Users\Onur\Documents\Project\SurveyEval\ffhq_1024\images1024x1024\35000\35893.png,too_many_faces: 2
C:\Users\Onur\Documents\Project\SurveyEval\ffhq_1024\images1024x1024\36000\36209.png,too_many_faces: 2
C:\Users\Onur\Documents\Project\SurveyEval\ffhq_1024\images1024x1024\36000\36210.png,too_many_faces: 2
C:\Users\Onur\Documents\Project\SurveyEval\ffhq_1024\images1024x1024\36000\36260.png,too_many_faces: 2
C:\Users\Onur\Documents\Project\SurveyEval\ffhq_1024\images1024x1024\36000\36344.png,too_many_faces: 2
C:\Users\Onur\Documents\Project\SurveyEval\ffhq_1024\images1024x1024\36000\36451.png,too_many_faces: 2
C:\Users\Onur\Documents\Project\SurveyEval\ffhq_1024\images1024x1024\36000\36561.png,too_many_faces: 2
C:\Users\Onur\Documents\Project\SurveyEval\ffhq_1024\images1024x1024\36000\36581.png,no_face_detected
C:\Users\Onur\Documents\Project\SurveyEval\ffhq_1024\images1024x1024\36000\36798.png,too_many_faces: 2
C:\Users\Onur\Documents\Project\SurveyEval\ffhq_1024\images1024x1024\36000\36918.png,too_many_faces: 2
C:\Users\Onur\Documents\Project\SurveyEval\ffhq_1024\images1024x1024\37000\37033.png,no_face_detected
C:\Users\Onur\Documents\Project\SurveyEval\ffhq_1024\images1024x1024\37000\37096.png,too_many_faces: 2
C:\Users\Onur\Documents\Project\SurveyEval\ffhq_1024\images1024x1024\37000\37216.png,too_many_faces: 2
C:\Users\Onur\Documents\Project\SurveyEval\ffhq_1024\images1024x1024\37000\37677.png,too_many_faces: 2
C:\Users\Onur\Documents\Project\SurveyEval\ffhq_1024\images1024x1024\38000\38071.png,too_many_faces: 2
C:\Users\Onur\Documents\Project\SurveyEval\ffhq_1024\images1024x1024\38000\38582.png,no_face_detected
C:\Users\Onur\Documents\Project\SurveyEval\ffhq_1024\images1024x1024\38000\38603.png,too_many_faces: 2
C:\Users\Onur\Documents\Project\SurveyEval\ffhq_1024\images1024x1024\38000\38646.png,no_face_detected
C:\Users\Onur\Documents\Project\SurveyEval\ffhq_1024\images1024x1024\38000\38929.png,too_many_faces: 2
C:\Users\Onur\Documents\Project\SurveyEval\ffhq_1024\images1024x1024\38000\38940.png,no_face_detected
C:\Users\Onur\Documents\Project\SurveyEval\ffhq_1024\images1024x1024\39000\39208.png,no_face_detected
C:\Users\Onur\Documents\Project\SurveyEval\ffhq_1024\images1024x1024\39000\39282.png,too_many_faces: 2
C:\Users\Onur\Documents\Project\SurveyEval\ffhq_1024\images1024x1024\39000\39554.png,too_many_faces: 2
C:\Users\Onur\Documents\Project\SurveyEval\ffhq_1024\images1024x1024\39000\39639.png,too_many_faces: 2
C:\Users\Onur\Documents\Project\SurveyEval\ffhq_1024\images1024x1024\39000\39722.png,too_many_faces: 2
C:\Users\Onur\Documents\Project\SurveyEval\ffhq_1024\images1024x1024\40000\40120.png,too_many_faces: 2
C:\Users\Onur\Documents\Project\SurveyEval\ffhq_1024\images1024x1024\40000\40298.png,too_many_faces: 2
C:\Users\Onur\Documents\Project\SurveyEval\ffhq_1024\images1024x1024\40000\40407.png,too_many_faces: 2
C:\Users\Onur\Documents\Project\SurveyEval\ffhq_1024\images1024x1024\40000\40424.png,too_many_faces: 2
C:\Users\Onur\Documents\Project\SurveyEval\ffhq_1024\images1024x1024\40000\40483.png,too_many_faces: 2
C:\Users\Onur\Documents\Project\SurveyEval\ffhq_1024\images1024x1024\40000\40503.png,too_many_faces: 2
C:\Users\Onur\Documents\Project\SurveyEval\ffhq_1024\images1024x1024\40000\40702.png,too_many_faces: 2
C:\Users\Onur\Documents\Project\SurveyEval\ffhq_1024\images1024x1024\40000\40999.png,too_many_faces: 2
C:\Users\Onur\Documents\Project\SurveyEval\ffhq_1024\images1024x1024\41000\41003.png,too_many_faces: 2
C:\Users\Onur\Documents\Project\SurveyEval\ffhq_1024\images1024x1024\41000\41054.png,no_face_detected
C:\Users\Onur\Documents\Project\SurveyEval\ffhq_1024\images1024x1024\41000\41127.png,too_many_faces: 2
C:\Users\Onur\Documents\Project\SurveyEval\ffhq_1024\images1024x1024\41000\41210.png,too_many_faces: 2
C:\Users\Onur\Documents\Project\SurveyEval\ffhq_1024\images1024x1024\41000\41249.png,too_many_faces: 2
C:\Users\Onur\Documents\Project\SurveyEval\ffhq_1024\images1024x1024\41000\41309.png,too_many_faces: 2
C:\Users\Onur\Documents\Project\SurveyEval\ffhq_1024\images1024x1024\41000\41618.png,too_many_faces: 2
C:\Users\Onur\Documents\Project\SurveyEval\ffhq_1024\images1024x1024\41000\41736.png,too_many_faces: 2
C:\Users\Onur\Documents\Project\SurveyEval\ffhq_1024\images1024x1024\41000\41814.png,no_face_detected
C:\Users\Onur\Documents\Project\SurveyEval\ffhq_1024\images1024x1024\41000\41942.png,too_many_faces: 2
C:\Users\Onur\Documents\Project\SurveyEval\ffhq_1024\images1024x1024\42000\42050.png,too_many_faces: 2
C:\Users\Onur\Documents\Project\SurveyEval\ffhq_1024\images1024x1024\42000\42299.png,too_many_faces: 2
C:\Users\Onur\Documents\Project\SurveyEval\ffhq_1024\images1024x1024\42000\42414.png,no_face_detected
C:\Users\Onur\Documents\Project\SurveyEval\ffhq_1024\images1024x1024\42000\42468.png,too_many_faces: 2
C:\Users\Onur\Documents\Project\SurveyEval\ffhq_1024\images1024x1024\42000\42542.png,too_many_faces: 2
C:\Users\Onur\Documents\Project\SurveyEval\ffhq_1024\images1024x1024\42000\42543.png,too_many_faces: 2
C:\Users\Onur\Documents\Project\SurveyEval\ffhq_1024\images1024x1024\42000\42749.png,too_many_faces: 2
C:\Users\Onur\Documents\Project\SurveyEval\ffhq_1024\images1024x1024\42000\42762.png,too_many_faces: 2
C:\Users\Onur\Documents\Project\SurveyEval\ffhq_1024\images1024x1024\42000\42872.png,too_many_faces: 2
C:\Users\Onur\Documents\Project\SurveyEval\ffhq_1024\images1024x1024\42000\42888.png,too_many_faces: 2
C:\Users\Onur\Documents\Project\SurveyEval\ffhq_1024\images1024x1024\42000\42892.png,too_many_faces: 2
C:\Users\Onur\Documents\Project\SurveyEval\ffhq_1024\images1024x1024\42000\42954.png,too_many_faces: 2
C:\Users\Onur\Documents\Project\SurveyEval\ffhq_1024\images1024x1024\43000\43124.png,too_many_faces: 2
C:\Users\Onur\Documents\Project\SurveyEval\ffhq_1024\images1024x1024\43000\43426.png,no_face_detected
C:\Users\Onur\Documents\Project\SurveyEval\ffhq_1024\images1024x1024\43000\43497.png,no_face_detected
C:\Users\Onur\Documents\Project\SurveyEval\ffhq_1024\images1024x1024\43000\43782.png,too_many_faces: 2
C:\Users\Onur\Documents\Project\SurveyEval\ffhq_1024\images1024x1024\43000\43820.png,too_many_faces: 2
C:\Users\Onur\Documents\Project\SurveyEval\ffhq_1024\images1024x1024\43000\43893.png,too_many_faces: 2
C:\Users\Onur\Documents\Project\SurveyEval\ffhq_1024\images1024x1024\44000\44019.png,too_many_faces: 2
C:\Users\Onur\Documents\Project\SurveyEval\ffhq_1024\images1024x1024\44000\44249.png,too_many_faces: 2
C:\Users\Onur\Documents\Project\SurveyEval\ffhq_1024\images1024x1024\44000\44296.png,too_many_faces: 2
C:\Users\Onur\Documents\Project\SurveyEval\ffhq_1024\images1024x1024\44000\44342.png,too_many_faces: 2
C:\Users\Onur\Documents\Project\SurveyEval\ffhq_1024\images1024x1024\44000\44545.png,too_many_faces: 2
C:\Users\Onur\Documents\Project\SurveyEval\ffhq_1024\images1024x1024\44000\44546.png,too_many_faces: 2
C:\Users\Onur\Documents\Project\SurveyEval\ffhq_1024\images1024x1024\44000\44906.png,too_many_faces: 2
C:\Users\Onur\Documents\Project\SurveyEval\ffhq_1024\images1024x1024\44000\44947.png,too_many_faces: 2
C:\Users\Onur\Documents\Project\SurveyEval\ffhq_1024\images1024x1024\45000\45001.png,too_many_faces: 2
C:\Users\Onur\Documents\Project\SurveyEval\ffhq_1024\images1024x1024\45000\45113.png,too_many_faces: 2
C:\Users\Onur\Documents\Project\SurveyEval\ffhq_1024\images1024x1024\45000\45180.png,too_many_faces: 2
C:\Users\Onur\Documents\Project\SurveyEval\ffhq_1024\images1024x1024\45000\45227.png,too_many_faces: 2
C:\Users\Onur\Documents\Project\SurveyEval\ffhq_1024\images1024x1024\45000\45359.png,too_many_faces: 2
C:\Users\Onur\Documents\Project\SurveyEval\ffhq_1024\images1024x1024\45000\45421.png,too_many_faces: 2
C:\Users\Onur\Documents\Project\SurveyEval\ffhq_1024\images1024x1024\45000\45423.png,too_many_faces: 2
C:\Users\Onur\Documents\Project\SurveyEval\ffhq_1024\images1024x1024\45000\45600.png,too_many_faces: 2
C:\Users\Onur\Documents\Project\SurveyEval\ffhq_1024\images1024x1024\45000\45648.png,too_many_faces: 2
C:\Users\Onur\Documents\Project\SurveyEval\ffhq_1024\images1024x1024\45000\45650.png,too_many_faces: 2
C:\Users\Onur\Documents\Project\SurveyEval\ffhq_1024\images1024x1024\45000\45757.png,no_face_detected
C:\Users\Onur\Documents\Project\SurveyEval\ffhq_1024\images1024x1024\45000\45771.png,too_many_faces: 2
C:\Users\Onur\Documents\Project\SurveyEval\ffhq_1024\images1024x1024\45000\45850.png,too_many_faces: 2
C:\Users\Onur\Documents\Project\SurveyEval\ffhq_1024\images1024x1024\46000\46138.png,no_face_detected
C:\Users\Onur\Documents\Project\SurveyEval\ffhq_1024\images1024x1024\46000\46148.png,too_many_faces: 2
C:\Users\Onur\Documents\Project\SurveyEval\ffhq_1024\images1024x1024\46000\46155.png,too_many_faces: 2
C:\Users\Onur\Documents\Project\SurveyEval\ffhq_1024\images1024x1024\46000\46237.png,no_face_detected
C:\Users\Onur\Documents\Project\SurveyEval\ffhq_1024\images1024x1024\46000\46337.png,too_many_faces: 2
C:\Users\Onur\Documents\Project\SurveyEval\ffhq_1024\images1024x1024\46000\46492.png,too_many_faces: 2
C:\Users\Onur\Documents\Project\SurveyEval\ffhq_1024\images1024x1024\46000\46523.png,no_face_detected
C:\Users\Onur\Documents\Project\SurveyEval\ffhq_1024\images1024x1024\46000\46591.png,too_many_faces: 2
C:\Users\Onur\Documents\Project\SurveyEval\ffhq_1024\images1024x1024\46000\46630.png,no_face_detected
C:\Users\Onur\Documents\Project\SurveyEval\ffhq_1024\images1024x1024\46000\46729.png,too_many_faces: 2
C:\Users\Onur\Documents\Project\SurveyEval\ffhq_1024\images1024x1024\46000\46761.png,too_many_faces: 2
C:\Users\Onur\Documents\Project\SurveyEval\ffhq_1024\images1024x1024\46000\46946.png,too_many_faces: 2
C:\Users\Onur\Documents\Project\SurveyEval\ffhq_1024\images1024x1024\47000\47058.png,too_many_faces: 2
C:\Users\Onur\Documents\Project\SurveyEval\ffhq_1024\images1024x1024\47000\47136.png,no_face_detected
C:\Users\Onur\Documents\Project\SurveyEval\ffhq_1024\images1024x1024\47000\47274.png,too_many_faces: 2
C:\Users\Onur\Documents\Project\SurveyEval\ffhq_1024\images1024x1024\47000\47430.png,too_many_faces: 2
C:\Users\Onur\Documents\Project\SurveyEval\ffhq_1024\images1024x1024\47000\47521.png,too_many_faces: 2
C:\Users\Onur\Documents\Project\SurveyEval\ffhq_1024\images1024x1024\47000\47553.png,too_many_faces: 2
C:\Users\Onur\Documents\Project\SurveyEval\ffhq_1024\images1024x1024\47000\47621.png,too_many_faces: 2
C:\Users\Onur\Documents\Project\SurveyEval\ffhq_1024\images1024x1024\47000\47736.png,no_face_detected
C:\Users\Onur\Documents\Project\SurveyEval\ffhq_1024\images1024x1024\47000\47774.png,too_many_faces: 2
C:\Users\Onur\Documents\Project\SurveyEval\ffhq_1024\images1024x1024\47000\47870.png,no_face_detected
C:\Users\Onur\Documents\Project\SurveyEval\ffhq_1024\images1024x1024\47000\47989.png,too_many_faces: 2
C:\Users\Onur\Documents\Project\SurveyEval\ffhq_1024\images1024x1024\48000\48187.png,no_face_detected
C:\Users\Onur\Documents\Project\SurveyEval\ffhq_1024\images1024x1024\48000\48335.png,too_many_faces: 2
C:\Users\Onur\Documents\Project\SurveyEval\ffhq_1024\images1024x1024\48000\48401.png,too_many_faces: 2
C:\Users\Onur\Documents\Project\SurveyEval\ffhq_1024\images1024x1024\48000\48662.png,too_many_faces: 2
C:\Users\Onur\Documents\Project\SurveyEval\ffhq_1024\images1024x1024\49000\49215.png,too_many_faces: 2
C:\Users\Onur\Documents\Project\SurveyEval\ffhq_1024\images1024x1024\49000\49275.png,too_many_faces: 2
C:\Users\Onur\Documents\Project\SurveyEval\ffhq_1024\images1024x1024\49000\49431.png,too_many_faces: 2
C:\Users\Onur\Documents\Project\SurveyEval\ffhq_1024\images1024x1024\49000\49649.png,too_many_faces: 2
C:\Users\Onur\Documents\Project\SurveyEval\ffhq_1024\images1024x1024\49000\49653.png,too_many_faces: 2
C:\Users\Onur\Documents\Project\SurveyEval\ffhq_1024\images1024x1024\49000\49727.png,too_many_faces: 2
C:\Users\Onur\Documents\Project\SurveyEval\ffhq_1024\images1024x1024\49000\49751.png,too_many_faces: 2
C:\Users\Onur\Documents\Project\SurveyEval\ffhq_1024\images1024x1024\49000\49806.png,too_many_faces: 2
C:\Users\Onur\Documents\Project\SurveyEval\ffhq_1024\images1024x1024\49000\49853.png,too_many_faces: 2
C:\Users\Onur\Documents\Project\SurveyEval\ffhq_1024\images1024x1024\49000\49943.png,too_many_faces: 2
C:\Users\Onur\Documents\Project\SurveyEval\ffhq_1024\images1024x1024\49000\49971.png,too_many_faces: 2
C:\Users\Onur\Documents\Project\SurveyEval\ffhq_1024\images1024x1024\49000\49973.png,no_face_detected
C:\Users\Onur\Documents\Project\SurveyEval\ffhq_1024\images1024x1024\50000\50294.png,too_many_faces: 2
C:\Users\Onur\Documents\Project\SurveyEval\ffhq_1024\images1024x1024\50000\50484.png,no_face_detected
C:\Users\Onur\Documents\Project\SurveyEval\ffhq_1024\images1024x1024\50000\50543.png,too_many_faces: 2
C:\Users\Onur\Documents\Project\SurveyEval\ffhq_1024\images1024x1024\50000\50662.png,too_many_faces: 2
C:\Users\Onur\Documents\Project\SurveyEval\ffhq_1024\images1024x1024\50000\50988.png,too_many_faces: 2
C:\Users\Onur\Documents\Project\SurveyEval\ffhq_1024\images1024x1024\51000\51262.png,too_many_faces: 2
C:\Users\Onur\Documents\Project\SurveyEval\ffhq_1024\images1024x1024\51000\51303.png,too_many_faces: 2
C:\Users\Onur\Documents\Project\SurveyEval\ffhq_1024\images1024x1024\51000\51326.png,too_many_faces: 2
C:\Users\Onur\Documents\Project\SurveyEval\ffhq_1024\images1024x1024\51000\51495.png,too_many_faces: 2
C:\Users\Onur\Documents\Project\SurveyEval\ffhq_1024\images1024x1024\51000\51551.png,too_many_faces: 2
C:\Users\Onur\Documents\Project\SurveyEval\ffhq_1024\images1024x1024\51000\51757.png,too_many_faces: 2
C:\Users\Onur\Documents\Project\SurveyEval\ffhq_1024\images1024x1024\51000\51829.png,too_many_faces: 2
C:\Users\Onur\Documents\Project\SurveyEval\ffhq_1024\images1024x1024\52000\52083.png,too_many_faces: 2
C:\Users\Onur\Documents\Project\SurveyEval\ffhq_1024\images1024x1024\52000\52144.png,too_many_faces: 2
C:\Users\Onur\Documents\Project\SurveyEval\ffhq_1024\images1024x1024\52000\52349.png,no_face_detected
C:\Users\Onur\Documents\Project\SurveyEval\ffhq_1024\images1024x1024\52000\52815.png,too_many_faces: 2
C:\Users\Onur\Documents\Project\SurveyEval\ffhq_1024\images1024x1024\52000\52825.png,too_many_faces: 2
C:\Users\Onur\Documents\Project\SurveyEval\ffhq_1024\images1024x1024\53000\53358.png,too_many_faces: 2
C:\Users\Onur\Documents\Project\SurveyEval\ffhq_1024\images1024x1024\53000\53622.png,too_many_faces: 2
C:\Users\Onur\Documents\Project\SurveyEval\ffhq_1024\images1024x1024\53000\53695.png,no_face_detected
C:\Users\Onur\Documents\Project\SurveyEval\ffhq_1024\images1024x1024\53000\53705.png,too_many_faces: 2
C:\Users\Onur\Documents\Project\SurveyEval\ffhq_1024\images1024x1024\54000\54053.png,too_many_faces: 2
C:\Users\Onur\Documents\Project\SurveyEval\ffhq_1024\images1024x1024\54000\54267.png,too_many_faces: 2
C:\Users\Onur\Documents\Project\SurveyEval\ffhq_1024\images1024x1024\54000\54332.png,too_many_faces: 2
C:\Users\Onur\Documents\Project\SurveyEval\ffhq_1024\images1024x1024\54000\54511.png,too_many_faces: 2
C:\Users\Onur\Documents\Project\SurveyEval\ffhq_1024\images1024x1024\54000\54609.png,too_many_faces: 2
C:\Users\Onur\Documents\Project\SurveyEval\ffhq_1024\images1024x1024\54000\54643.png,too_many_faces: 2
C:\Users\Onur\Documents\Project\SurveyEval\ffhq_1024\images1024x1024\54000\54787.png,too_many_faces: 2
C:\Users\Onur\Documents\Project\SurveyEval\ffhq_1024\images1024x1024\55000\55045.png,too_many_faces: 2
C:\Users\Onur\Documents\Project\SurveyEval\ffhq_1024\images1024x1024\55000\55114.png,too_many_faces: 2
C:\Users\Onur\Documents\Project\SurveyEval\ffhq_1024\images1024x1024\55000\55218.png,too_many_faces: 2
C:\Users\Onur\Documents\Project\SurveyEval\ffhq_1024\images1024x1024\55000\55381.png,too_many_faces: 2
C:\Users\Onur\Documents\Project\SurveyEval\ffhq_1024\images1024x1024\55000\55556.png,too_many_faces: 2
C:\Users\Onur\Documents\Project\SurveyEval\ffhq_1024\images1024x1024\55000\55908.png,too_many_faces: 2
C:\Users\Onur\Documents\Project\SurveyEval\ffhq_1024\images1024x1024\55000\55963.png,too_many_faces: 2
C:\Users\Onur\Documents\Project\SurveyEval\ffhq_1024\images1024x1024\56000\56468.png,too_many_faces: 2
C:\Users\Onur\Documents\Project\SurveyEval\ffhq_1024\images1024x1024\56000\56479.png,too_many_faces: 2
C:\Users\Onur\Documents\Project\SurveyEval\ffhq_1024\images1024x1024\56000\56587.png,too_many_faces: 2
C:\Users\Onur\Documents\Project\SurveyEval\ffhq_1024\images1024x1024\56000\56666.png,too_many_faces: 2
C:\Users\Onur\Documents\Project\SurveyEval\ffhq_1024\images1024x1024\56000\56677.png,too_many_faces: 2
C:\Users\Onur\Documents\Project\SurveyEval\ffhq_1024\images1024x1024\56000\56870.png,too_many_faces: 2
C:\Users\Onur\Documents\Project\SurveyEval\ffhq_1024\images1024x1024\56000\56901.png,too_many_faces: 2
C:\Users\Onur\Documents\Project\SurveyEval\ffhq_1024\images1024x1024\57000\57007.png,no_face_detected
C:\Users\Onur\Documents\Project\SurveyEval\ffhq_1024\images1024x1024\57000\57101.png,too_many_faces: 2
C:\Users\Onur\Documents\Project\SurveyEval\ffhq_1024\images1024x1024\57000\57311.png,too_many_faces: 2
C:\Users\Onur\Documents\Project\SurveyEval\ffhq_1024\images1024x1024\57000\57371.png,no_face_detected
C:\Users\Onur\Documents\Project\SurveyEval\ffhq_1024\images1024x1024\57000\57479.png,too_many_faces: 2
C:\Users\Onur\Documents\Project\SurveyEval\ffhq_1024\images1024x1024\57000\57507.png,too_many_faces: 2
C:\Users\Onur\Documents\Project\SurveyEval\ffhq_1024\images1024x1024\57000\57740.png,no_face_detected
C:\Users\Onur\Documents\Project\SurveyEval\ffhq_1024\images1024x1024\57000\57785.png,too_many_faces: 2
C:\Users\Onur\Documents\Project\SurveyEval\ffhq_1024\images1024x1024\57000\57875.png,too_many_faces: 2
C:\Users\Onur\Documents\Project\SurveyEval\ffhq_1024\images1024x1024\57000\57881.png,too_many_faces: 2
C:\Users\Onur\Documents\Project\SurveyEval\ffhq_1024\images1024x1024\57000\57959.png,too_many_faces: 2
C:\Users\Onur\Documents\Project\SurveyEval\ffhq_1024\images1024x1024\57000\57989.png,too_many_faces: 2
C:\Users\Onur\Documents\Project\SurveyEval\ffhq_1024\images1024x1024\58000\58007.png,too_many_faces: 2
C:\Users\Onur\Documents\Project\SurveyEval\ffhq_1024\images1024x1024\58000\58077.png,no_face_detected
C:\Users\Onur\Documents\Project\SurveyEval\ffhq_1024\images1024x1024\58000\58134.png,too_many_faces: 2
C:\Users\Onur\Documents\Project\SurveyEval\ffhq_1024\images1024x1024\58000\58180.png,too_many_faces: 2
C:\Users\Onur\Documents\Project\SurveyEval\ffhq_1024\images1024x1024\58000\58293.png,too_many_faces: 2
C:\Users\Onur\Documents\Project\SurveyEval\ffhq_1024\images1024x1024\58000\58480.png,too_many_faces: 2
C:\Users\Onur\Documents\Project\SurveyEval\ffhq_1024\images1024x1024\58000\58732.png,too_many_faces: 2
C:\Users\Onur\Documents\Project\SurveyEval\ffhq_1024\images1024x1024\58000\58750.png,no_face_detected
C:\Users\Onur\Documents\Project\SurveyEval\ffhq_1024\images1024x1024\59000\59059.png,no_face_detected
C:\Users\Onur\Documents\Project\SurveyEval\ffhq_1024\images1024x1024\59000\59071.png,no_face_detected
C:\Users\Onur\Documents\Project\SurveyEval\ffhq_1024\images1024x1024\59000\59400.png,no_face_detected
C:\Users\Onur\Documents\Project\SurveyEval\ffhq_1024\images1024x1024\59000\59620.png,too_many_faces: 2
C:\Users\Onur\Documents\Project\SurveyEval\ffhq_1024\images1024x1024\59000\59648.png,too_many_faces: 2
C:\Users\Onur\Documents\Project\SurveyEval\ffhq_1024\images1024x1024\59000\59710.png,too_many_faces: 2
C:\Users\Onur\Documents\Project\SurveyEval\ffhq_1024\images1024x1024\59000\59731.png,too_many_faces: 2
C:\Users\Onur\Documents\Project\SurveyEval\ffhq_1024\images1024x1024\59000\59794.png,too_many_faces: 2
C:\Users\Onur\Documents\Project\SurveyEval\ffhq_1024\images1024x1024\59000\59985.png,too_many_faces: 2
C:\Users\Onur\Documents\Project\SurveyEval\ffhq_1024\images1024x1024\60000\60658.png,too_many_faces: 2
C:\Users\Onur\Documents\Project\SurveyEval\ffhq_1024\images1024x1024\61000\61003.png,too_many_faces: 2
C:\Users\Onur\Documents\Project\SurveyEval\ffhq_1024\images1024x1024\61000\61057.png,no_face_detected
C:\Users\Onur\Documents\Project\SurveyEval\ffhq_1024\images1024x1024\61000\61075.png,too_many_faces: 2
C:\Users\Onur\Documents\Project\SurveyEval\ffhq_1024\images1024x1024\61000\61185.png,too_many_faces: 2
C:\Users\Onur\Documents\Project\SurveyEval\ffhq_1024\images1024x1024\61000\61326.png,too_many_faces: 2
C:\Users\Onur\Documents\Project\SurveyEval\ffhq_1024\images1024x1024\61000\61353.png,too_many_faces: 2
C:\Users\Onur\Documents\Project\SurveyEval\ffhq_1024\images1024x1024\61000\61394.png,too_many_faces: 2
C:\Users\Onur\Documents\Project\SurveyEval\ffhq_1024\images1024x1024\61000\61548.png,too_many_faces: 2
C:\Users\Onur\Documents\Project\SurveyEval\ffhq_1024\images1024x1024\61000\61776.png,too_many_faces: 2
C:\Users\Onur\Documents\Project\SurveyEval\ffhq_1024\images1024x1024\61000\61829.png,too_many_faces: 2
C:\Users\Onur\Documents\Project\SurveyEval\ffhq_1024\images1024x1024\62000\62001.png,too_many_faces: 2
C:\Users\Onur\Documents\Project\SurveyEval\ffhq_1024\images1024x1024\62000\62198.png,too_many_faces: 2
C:\Users\Onur\Documents\Project\SurveyEval\ffhq_1024\images1024x1024\62000\62476.png,too_many_faces: 2
C:\Users\Onur\Documents\Project\SurveyEval\ffhq_1024\images1024x1024\62000\62850.png,too_many_faces: 2
C:\Users\Onur\Documents\Project\SurveyEval\ffhq_1024\images1024x1024\63000\63028.png,too_many_faces: 2
C:\Users\Onur\Documents\Project\SurveyEval\ffhq_1024\images1024x1024\63000\63718.png,too_many_faces: 2
C:\Users\Onur\Documents\Project\SurveyEval\ffhq_1024\images1024x1024\63000\63741.png,too_many_faces: 2
C:\Users\Onur\Documents\Project\SurveyEval\ffhq_1024\images1024x1024\63000\63800.png,too_many_faces: 2
C:\Users\Onur\Documents\Project\SurveyEval\ffhq_1024\images1024x1024\63000\63900.png,too_many_faces: 2
C:\Users\Onur\Documents\Project\SurveyEval\ffhq_1024\images1024x1024\63000\63918.png,too_many_faces: 2
C:\Users\Onur\Documents\Project\SurveyEval\ffhq_1024\images1024x1024\63000\63933.png,too_many_faces: 2
C:\Users\Onur\Documents\Project\SurveyEval\ffhq_1024\images1024x1024\63000\63966.png,too_many_faces: 2
C:\Users\Onur\Documents\Project\SurveyEval\ffhq_1024\images1024x1024\64000\64094.png,too_many_faces: 2
C:\Users\Onur\Documents\Project\SurveyEval\ffhq_1024\images1024x1024\64000\64433.png,too_many_faces: 2
C:\Users\Onur\Documents\Project\SurveyEval\ffhq_1024\images1024x1024\64000\64659.png,too_many_faces: 2
C:\Users\Onur\Documents\Project\SurveyEval\ffhq_1024\images1024x1024\64000\64848.png,too_many_faces: 2
C:\Users\Onur\Documents\Project\SurveyEval\ffhq_1024\images1024x1024\65000\65037.png,too_many_faces: 2
C:\Users\Onur\Documents\Project\SurveyEval\ffhq_1024\images1024x1024\65000\65182.png,too_many_faces: 2
C:\Users\Onur\Documents\Project\SurveyEval\ffhq_1024\images1024x1024\65000\65302.png,too_many_faces: 2
C:\Users\Onur\Documents\Project\SurveyEval\ffhq_1024\images1024x1024\65000\65336.png,too_many_faces: 2
C:\Users\Onur\Documents\Project\SurveyEval\ffhq_1024\images1024x1024\65000\65385.png,too_many_faces: 2
C:\Users\Onur\Documents\Project\SurveyEval\ffhq_1024\images1024x1024\65000\65422.png,too_many_faces: 2
C:\Users\Onur\Documents\Project\SurveyEval\ffhq_1024\images1024x1024\65000\65426.png,too_many_faces: 2
C:\Users\Onur\Documents\Project\SurveyEval\ffhq_1024\images1024x1024\65000\65561.png,too_many_faces: 2
C:\Users\Onur\Documents\Project\SurveyEval\ffhq_1024\images1024x1024\65000\65594.png,too_many_faces: 2
C:\Users\Onur\Documents\Project\SurveyEval\ffhq_1024\images1024x1024\65000\65629.png,too_many_faces: 2
C:\Users\Onur\Documents\Project\SurveyEval\ffhq_1024\images1024x1024\65000\65791.png,too_many_faces: 2
C:\Users\Onur\Documents\Project\SurveyEval\ffhq_1024\images1024x1024\65000\65857.png,too_many_faces: 2
C:\Users\Onur\Documents\Project\SurveyEval\ffhq_1024\images1024x1024\65000\65867.png,too_many_faces: 2
C:\Users\Onur\Documents\Project\SurveyEval\ffhq_1024\images1024x1024\65000\65904.png,too_many_faces: 2
C:\Users\Onur\Documents\Project\SurveyEval\ffhq_1024\images1024x1024\66000\66056.png,too_many_faces: 2
C:\Users\Onur\Documents\Project\SurveyEval\ffhq_1024\images1024x1024\66000\66074.png,too_many_faces: 2
C:\Users\Onur\Documents\Project\SurveyEval\ffhq_1024\images1024x1024\66000\66155.png,too_many_faces: 2
C:\Users\Onur\Documents\Project\SurveyEval\ffhq_1024\images1024x1024\66000\66323.png,too_many_faces: 2
C:\Users\Onur\Documents\Project\SurveyEval\ffhq_1024\images1024x1024\66000\66373.png,too_many_faces: 2
C:\Users\Onur\Documents\Project\SurveyEval\ffhq_1024\images1024x1024\66000\66835.png,no_face_detected
C:\Users\Onur\Documents\Project\SurveyEval\ffhq_1024\images1024x1024\66000\66861.png,too_many_faces: 2
C:\Users\Onur\Documents\Project\SurveyEval\ffhq_1024\images1024x1024\66000\66866.png,too_many_faces: 2
C:\Users\Onur\Documents\Project\SurveyEval\ffhq_1024\images1024x1024\66000\66984.png,too_many_faces: 2
C:\Users\Onur\Documents\Project\SurveyEval\ffhq_1024\images1024x1024\67000\67124.png,too_many_faces: 2
C:\Users\Onur\Documents\Project\SurveyEval\ffhq_1024\images1024x1024\67000\67157.png,too_many_faces: 2
C:\Users\Onur\Documents\Project\SurveyEval\ffhq_1024\images1024x1024\67000\67178.png,too_many_faces: 2
C:\Users\Onur\Documents\Project\SurveyEval\ffhq_1024\images1024x1024\67000\67196.png,too_many_faces: 2
C:\Users\Onur\Documents\Project\SurveyEval\ffhq_1024\images1024x1024\67000\67571.png,too_many_faces: 2
C:\Users\Onur\Documents\Project\SurveyEval\ffhq_1024\images1024x1024\67000\67626.png,too_many_faces: 2
C:\Users\Onur\Documents\Project\SurveyEval\ffhq_1024\images1024x1024\67000\67713.png,too_many_faces: 2
C:\Users\Onur\Documents\Project\SurveyEval\ffhq_1024\images1024x1024\67000\67803.png,too_many_faces: 2
C:\Users\Onur\Documents\Project\SurveyEval\ffhq_1024\images1024x1024\67000\67819.png,no_face_detected
C:\Users\Onur\Documents\Project\SurveyEval\ffhq_1024\images1024x1024\67000\67844.png,too_many_faces: 2
C:\Users\Onur\Documents\Project\SurveyEval\ffhq_1024\images1024x1024\68000\68000.png,too_many_faces: 2
C:\Users\Onur\Documents\Project\SurveyEval\ffhq_1024\images1024x1024\68000\68015.png,too_many_faces: 2
C:\Users\Onur\Documents\Project\SurveyEval\ffhq_1024\images1024x1024\68000\68046.png,too_many_faces: 2
C:\Users\Onur\Documents\Project\SurveyEval\ffhq_1024\images1024x1024\68000\68109.png,too_many_faces: 2
C:\Users\Onur\Documents\Project\SurveyEval\ffhq_1024\images1024x1024\68000\68133.png,too_many_faces: 2
C:\Users\Onur\Documents\Project\SurveyEval\ffhq_1024\images1024x1024\68000\68172.png,too_many_faces: 2
C:\Users\Onur\Documents\Project\SurveyEval\ffhq_1024\images1024x1024\68000\68182.png,too_many_faces: 2
C:\Users\Onur\Documents\Project\SurveyEval\ffhq_1024\images1024x1024\68000\68241.png,no_face_detected
C:\Users\Onur\Documents\Project\SurveyEval\ffhq_1024\images1024x1024\68000\68264.png,too_many_faces: 2
C:\Users\Onur\Documents\Project\SurveyEval\ffhq_1024\images1024x1024\68000\68560.png,too_many_faces: 2
C:\Users\Onur\Documents\Project\SurveyEval\ffhq_1024\images1024x1024\68000\68670.png,too_many_faces: 2
C:\Users\Onur\Documents\Project\SurveyEval\ffhq_1024\images1024x1024\69000\69053.png,too_many_faces: 2
C:\Users\Onur\Documents\Project\SurveyEval\ffhq_1024\images1024x1024\69000\69056.png,too_many_faces: 2
C:\Users\Onur\Documents\Project\SurveyEval\ffhq_1024\images1024x1024\69000\69111.png,too_many_faces: 2
C:\Users\Onur\Documents\Project\SurveyEval\ffhq_1024\images1024x1024\69000\69155.png,no_face_detected
C:\Users\Onur\Documents\Project\SurveyEval\ffhq_1024\images1024x1024\69000\69229.png,too_many_faces: 2
C:\Users\Onur\Documents\Project\SurveyEval\ffhq_1024\images1024x1024\69000\69471.png,too_many_faces: 2
C:\Users\Onur\Documents\Project\SurveyEval\ffhq_1024\images1024x1024\69000\69608.png,too_many_faces: 2
C:\Users\Onur\Documents\Project\SurveyEval\ffhq_1024\images1024x1024\69000\69616.png,too_many_faces: 2
